{"Paris|France": [48.8155755, 2.224122, 48.902156, 2.4697602], "Paris|": [48.8155755, 2.224122, 48.902156, 2.4697602], "London|": [35.3169503, -93.2716305, 35.3389327, -93.1874567], "Budapest|": [47.3496899, 18.9251057, 47.6131468, 19.3349258]}